{"cameraMode":{"drawMode":0,"name":"Shaded","section":"Shading Mode"},"sceneLighting":false,"audioPlay":false,"sceneViewState":{"m_AlwaysRefresh":false,"showFog":true,"showSkybox":false,"showFlares":true,"showImageEffects":true,"showParticleSystems":true,"showVisualEffectGraphs":true,"m_FxEnabled":true},"in2DMode":false,"pivot":{"x":-0.04073202610015869,"y":1.9997812509536744,"z":-0.08795022964477539},"rotation":{"x":0.2996082901954651,"y":0.11959774047136307,"z":-0.03529825434088707,"w":0.9463250637054443},"size":3.269906520843506,"orthographic":false}