{"cameraMode":{"drawMode":0,"name":"Shaded","section":"Shading Mode"},"sceneLighting":false,"audioPlay":false,"sceneViewState":{"m_AlwaysRefresh":false,"showFog":true,"showSkybox":false,"showFlares":true,"showImageEffects":true,"showParticleSystems":true,"showVisualEffectGraphs":true,"m_FxEnabled":true},"in2DMode":false,"pivot":{"x":1.1310213804244996,"y":0.10168059170246124,"z":0.13703207671642304},"rotation":{"x":0.0970880463719368,"y":0.8587616086006165,"z":-0.1764773279428482,"w":0.4711609482765198},"size":3.069906711578369,"orthographic":false}