{"cameraMode":{"drawMode":0,"name":"Shaded","section":"Shading Mode"},"sceneLighting":false,"audioPlay":false,"sceneViewState":{"m_AlwaysRefresh":false,"showFog":true,"showSkybox":false,"showFlares":true,"showImageEffects":true,"showParticleSystems":true,"showVisualEffectGraphs":true,"m_FxEnabled":true},"in2DMode":false,"pivot":{"x":0.001942455768585205,"y":0.8821597695350647,"z":-0.02876758575439453},"rotation":{"x":0.0970880463719368,"y":0.8587616086006165,"z":-0.1764773279428482,"w":0.4711609482765198},"size":3.069906711578369,"orthographic":false}