{"cameraMode":{"drawMode":0,"name":"Shaded","section":"Shading Mode"},"sceneLighting":true,"audioPlay":false,"sceneViewState":{"m_AlwaysRefresh":false,"showFog":true,"showSkybox":true,"showFlares":true,"showImageEffects":true,"showParticleSystems":true,"showVisualEffectGraphs":true,"m_FxEnabled":true},"in2DMode":false,"pivot":{"x":253.66583251953126,"y":165.1946563720703,"z":131.79080200195313},"rotation":{"x":0.2513388693332672,"y":0.09484317898750305,"z":-0.024534985423088075,"w":0.9629040956497192},"size":296.22100830078127,"orthographic":false}