{"cameraMode":{"drawMode":0,"name":"Shaded","section":"Shading Mode"},"sceneLighting":true,"audioPlay":false,"sceneViewState":{"m_AlwaysRefresh":false,"showFog":true,"showSkybox":true,"showFlares":true,"showImageEffects":true,"showParticleSystems":true,"showVisualEffectGraphs":true,"m_FxEnabled":true},"in2DMode":false,"pivot":{"x":-1.2957897186279297,"y":19.43670654296875,"z":1.3952139616012574},"rotation":{"x":-0.6226670145988464,"y":-0.017145702615380288,"z":0.013631979003548622,"w":-0.7822291851043701},"size":0.6992701888084412,"orthographic":false}