{"cameraMode":{"drawMode":0,"name":"Shaded","section":"Shading Mode"},"sceneLighting":true,"audioPlay":false,"sceneViewState":{"m_AlwaysRefresh":false,"showFog":true,"showSkybox":true,"showFlares":true,"showImageEffects":true,"showParticleSystems":true,"showVisualEffectGraphs":true,"m_FxEnabled":true},"in2DMode":false,"pivot":{"x":74.85795593261719,"y":10.462352752685547,"z":13.445369720458985},"rotation":{"x":-0.07849735021591187,"y":0.04875645041465759,"z":0.0021219169721007349,"w":-0.9965043663978577},"size":0.5586766004562378,"orthographic":false}