{"cameraMode":{"drawMode":0,"name":"Shaded","section":"Shading Mode"},"sceneLighting":true,"audioPlay":false,"sceneViewState":{"m_AlwaysRefresh":false,"showFog":true,"showSkybox":true,"showFlares":true,"showImageEffects":true,"showParticleSystems":true,"showVisualEffectGraphs":true,"m_FxEnabled":true},"in2DMode":false,"pivot":{"x":443.5606384277344,"y":19.263317108154298,"z":121.24301147460938},"rotation":{"x":0.07653878629207611,"y":0.07235981523990631,"z":-0.005372297950088978,"w":0.994395911693573},"size":140.22190856933595,"orthographic":false}