{"cameraMode":{"drawMode":0,"name":"Shaded","section":"Shading Mode"},"sceneLighting":true,"audioPlay":false,"sceneViewState":{"m_AlwaysRefresh":false,"showFog":true,"showSkybox":true,"showFlares":true,"showImageEffects":true,"showParticleSystems":true,"showVisualEffectGraphs":true,"m_FxEnabled":true},"in2DMode":false,"pivot":{"x":60.042362213134769,"y":15.185760498046875,"z":79.37220764160156},"rotation":{"x":-0.09880448877811432,"y":0.07068721950054169,"z":-0.008947131223976612,"w":-0.9929519891738892},"size":0.6919573545455933,"orthographic":false}