{"cameraMode":{"drawMode":0,"name":"Shaded","section":"Shading Mode"},"sceneLighting":true,"audioPlay":false,"sceneViewState":{"m_AlwaysRefresh":false,"showFog":true,"showSkybox":true,"showFlares":true,"showImageEffects":true,"showParticleSystems":true,"showVisualEffectGraphs":true,"m_FxEnabled":true},"in2DMode":false,"pivot":{"x":149.05398559570313,"y":26.145244598388673,"z":24.547286987304689},"rotation":{"x":-0.14980633556842805,"y":0.7520788908004761,"z":-0.18309913575649262,"w":-0.6153560280799866},"size":1.7272675037384034,"orthographic":false}