{"cameraMode":{"drawMode":0,"name":"Shaded","section":"Shading Mode"},"sceneLighting":true,"audioPlay":false,"sceneViewState":{"m_AlwaysRefresh":false,"showFog":true,"showSkybox":true,"showFlares":true,"showImageEffects":true,"showParticleSystems":true,"showVisualEffectGraphs":true,"m_FxEnabled":true},"in2DMode":false,"pivot":{"x":65.18794250488281,"y":12.811807632446289,"z":27.72768783569336},"rotation":{"x":0.39740902185440066,"y":0.0741097703576088,"z":-0.03158074617385864,"w":0.9147240519523621},"size":2.0483837127685549,"orthographic":false}