{"cameraMode":{"drawMode":0,"name":"Shaded","section":"Shading Mode"},"sceneLighting":true,"audioPlay":false,"sceneViewState":{"m_AlwaysRefresh":false,"showFog":true,"showSkybox":true,"showFlares":true,"showImageEffects":true,"showParticleSystems":true,"showVisualEffectGraphs":true,"m_FxEnabled":true},"in2DMode":false,"pivot":{"x":-7.052603721618652,"y":-22.12322235107422,"z":45.00733947753906},"rotation":{"x":0.21932834386825562,"y":-0.03066413290798664,"z":-0.0007258643163368106,"w":0.9760233163833618},"size":34.30336380004883,"orthographic":false}