{"cameraMode":{"drawMode":0,"name":"Shaded","section":"Shading Mode"},"sceneLighting":true,"audioPlay":false,"sceneViewState":{"m_AlwaysRefresh":false,"showFog":true,"showSkybox":true,"showFlares":true,"showImageEffects":true,"showParticleSystems":true,"showVisualEffectGraphs":true,"m_FxEnabled":true},"in2DMode":false,"pivot":{"x":-0.4881194829940796,"y":2.614389419555664,"z":-0.7015958428382874},"rotation":{"x":-0.4646461308002472,"y":-0.015410236082971096,"z":0.008084342814981938,"w":-0.88533616065979},"size":0.6598092317581177,"orthographic":false}