{"cameraMode":{"drawMode":0,"name":"Shaded","section":"Shading Mode"},"sceneLighting":true,"audioPlay":false,"sceneViewState":{"m_AlwaysRefresh":false,"showFog":true,"showSkybox":true,"showFlares":true,"showImageEffects":true,"showParticleSystems":true,"showVisualEffectGraphs":true,"m_FxEnabled":true},"in2DMode":false,"pivot":{"x":95.7920150756836,"y":35.281856536865237,"z":63.41573715209961},"rotation":{"x":-0.13904696702957154,"y":0.7906180024147034,"z":-0.18257853388786317,"w":-0.5690102577209473},"size":0.047068990767002109,"orthographic":false}