{"cameraMode":{"drawMode":0,"name":"Shaded","section":"Shading Mode"},"sceneLighting":true,"audioPlay":false,"sceneViewState":{"m_AlwaysRefresh":false,"showFog":true,"showSkybox":true,"showFlares":true,"showImageEffects":true,"showParticleSystems":true,"showVisualEffectGraphs":true,"m_FxEnabled":true},"in2DMode":false,"pivot":{"x":5.952760219573975,"y":3.2858645915985109,"z":2.2826287746429445},"rotation":{"x":-0.14129109680652619,"y":0.786111056804657,"z":-0.19513428211212159,"w":-0.5692004561424255},"size":0.08660253882408142,"orthographic":false}