{"cameraMode":{"drawMode":0,"name":"Shaded","section":"Shading Mode"},"sceneLighting":true,"audioPlay":false,"sceneViewState":{"m_AlwaysRefresh":false,"showFog":true,"showSkybox":true,"showFlares":true,"showImageEffects":true,"showParticleSystems":true,"showVisualEffectGraphs":true,"m_FxEnabled":true},"in2DMode":false,"pivot":{"x":42.65785598754883,"y":14.064717292785645,"z":44.572052001953128},"rotation":{"x":0.08376339823007584,"y":0.4658522605895996,"z":-0.044103190302848819,"w":0.8798079490661621},"size":2.234973907470703,"orthographic":false}