{"cameraMode":{"drawMode":0,"name":"Shaded","section":"Shading Mode"},"sceneLighting":false,"audioPlay":false,"sceneViewState":{"m_AlwaysRefresh":false,"showFog":true,"showSkybox":false,"showFlares":true,"showImageEffects":true,"showParticleSystems":true,"showVisualEffectGraphs":true,"m_FxEnabled":true},"in2DMode":false,"pivot":{"x":0.5890470147132874,"y":8.79281234741211,"z":-6.074328422546387},"rotation":{"x":0.28971046209335329,"y":-0.049228131771087649,"z":0.017064763233065606,"w":0.956142783164978},"size":0.8660253882408142,"orthographic":false}