{"cameraMode":{"drawMode":0,"name":"Shaded","section":"Shading Mode"},"sceneLighting":false,"audioPlay":false,"sceneViewState":{"m_AlwaysRefresh":false,"showFog":true,"showSkybox":false,"showFlares":true,"showImageEffects":true,"showParticleSystems":true,"showVisualEffectGraphs":true,"m_FxEnabled":true},"in2DMode":false,"pivot":{"x":3.893510341644287,"y":-2.3465840816497804,"z":-0.004545450210571289},"rotation":{"x":0.2655457854270935,"y":0.37827107310295107,"z":-0.11354455351829529,"w":0.8801245093345642},"size":5.633672714233398,"orthographic":false}